{"c2array":true,"size":[4,1,1],"data":[[["redfoc-jewelmatch"]],[["{\"c2array\":true,\"size\":[10,10,1],\"data\":[[[0],[0],[0],[0],[0],[2],[2],[2],[0],[0]],[[0],[0],[0],[0],[0],[0],[2],[2],[0],[0]],[[0],[0],[0],[0],[0],[0],[2],[2],[0],[0]],[[0],[0],[0],[0],[0],[0],[2],[2],[0],[0]],[[0],[0],[0],[0],[0],[0],[2],[2],[0],[0]],[[0],[0],[0],[0],[0],[0],[2],[2],[0],[0]],[[0],[0],[0],[0],[0],[2],[2],[2],[0],[0]],[[0],[0],[0],[0],[0],[0],[0],[0],[0],[0]],[[0],[0],[0],[0],[0],[0],[0],[0],[0],[0]],[[0],[0],[0],[0],[0],[0],[0],[0],[0],[0]]]}"]],[["{\"c2array\":true,\"size\":[10,4,1],\"data\":[[[0],[\"2\"],[\"5\"],[\"3\"]],[[\"30\"],[\"20\"],[\"30\"],[0]],[[\"30\"],[0],[0],[0]],[[\"5\"],[0],[0],[0]],[[0],[0],[0],[0]],[[0],[0],[0],[0]],[[0],[0],[0],[0]],[[0],[0],[0],[0]],[[0],[0],[0],[0]],[[0],[0],[0],[0]]]}"]],[[0]]]}