{"c2array":true,"size":[4,1,1],"data":[[["redfoc-jewelmatch"]],[["{\"c2array\":true,\"size\":[10,10,1],\"data\":[[[2],[0],[0],[0],[0],[0],[0],[0],[0],[0]],[[0],[2],[0],[0],[0],[0],[0],[0],[0],[0]],[[0],[0],[2],[0],[0],[0],[0],[0],[0],[0]],[[0],[0],[0],[2],[0],[0],[0],[0],[0],[0]],[[0],[0],[0],[0],[2],[0],[0],[0],[0],[0]],[[0],[0],[0],[0],[0],[2],[0],[0],[0],[0]],[[0],[0],[0],[0],[0],[0],[2],[0],[0],[0]],[[0],[0],[0],[0],[0],[0],[0],[0],[0],[0]],[[0],[0],[0],[0],[0],[0],[0],[0],[0],[0]],[[0],[0],[0],[0],[0],[0],[0],[0],[0],[0]]]}"]],[["{\"c2array\":true,\"size\":[10,4,1],\"data\":[[[0],[\"3\"],[\"5\"],[\"2\"]],[[\"25\"],[\"30\"],[\"25\"],[0]],[[\"32\"],[0],[0],[0]],[[\"6\"],[0],[0],[0]],[[0],[0],[0],[0]],[[0],[0],[0],[0]],[[0],[0],[0],[0]],[[0],[0],[0],[0]],[[0],[0],[0],[0]],[[0],[0],[0],[0]]]}"]],[[0]]]}