{"c2array":true,"size":[4,1,1],"data":[[["redfoc-jewelmatch"]],[["{\"c2array\":true,\"size\":[10,10,1],\"data\":[[[0],[0],[0],[0],[0],[0],[0],[0],[0],[0]],[[0],[0],[0],[0],[0],[0],[0],[0],[0],[0]],[[2],[0],[0],[0],[0],[0],[0],[0],[0],[0]],[[2],[2],[0],[0],[0],[0],[0],[0],[0],[0]],[[0],[2],[2],[0],[0],[0],[0],[0],[0],[0]],[[0],[0],[2],[2],[0],[0],[0],[0],[0],[0]],[[0],[0],[0],[2],[2],[0],[0],[0],[0],[0]],[[0],[0],[0],[0],[0],[0],[0],[0],[0],[0]],[[0],[0],[0],[0],[0],[0],[0],[0],[0],[0]],[[0],[0],[0],[0],[0],[0],[0],[0],[0],[0]]]}"]],[["{\"c2array\":true,\"size\":[10,4,1],\"data\":[[[0],[\"5\"],[\"4\"],[\"2\"]],[[\"20\"],[\"20\"],[\"18\"],[0]],[[\"26\"],[0],[0],[0]],[[\"6\"],[0],[0],[0]],[[0],[0],[0],[0]],[[0],[0],[0],[0]],[[0],[0],[0],[0]],[[0],[0],[0],[0]],[[0],[0],[0],[0]],[[0],[0],[0],[0]]]}"]],[[0]]]}