{"c2array":true,"size":[4,1,1],"data":[[["redfoc-jewelmatch"]],[["{\"c2array\":true,\"size\":[10,10,1],\"data\":[[[0],[0],[2],[0],[0],[0],[0],[0],[0],[0]],[[0],[2],[2],[0],[0],[0],[0],[0],[0],[0]],[[0],[0],[0],[0],[0],[2],[0],[0],[0],[0]],[[0],[0],[0],[0],[0],[2],[0],[0],[0],[0]],[[0],[0],[0],[0],[0],[2],[0],[0],[0],[0]],[[0],[2],[2],[0],[0],[0],[0],[0],[0],[0]],[[0],[0],[2],[0],[0],[0],[0],[0],[0],[0]],[[0],[0],[0],[0],[0],[0],[0],[0],[0],[0]],[[0],[0],[0],[0],[0],[0],[0],[0],[0],[0]],[[0],[0],[0],[0],[0],[0],[0],[0],[0],[0]]]}"]],[["{\"c2array\":true,\"size\":[10,4,1],\"data\":[[[0],[\"3\"],[\"2\"],[\"1\"]],[[\"25\"],[\"20\"],[\"10\"],[0]],[[\"25\"],[0],[0],[0]],[[\"5\"],[0],[0],[0]],[[0],[0],[0],[0]],[[0],[0],[0],[0]],[[0],[0],[0],[0]],[[0],[0],[0],[0]],[[0],[0],[0],[0]],[[0],[0],[0],[0]]]}"]],[[0]]]}