{"c2array":true,"size":[4,1,1],"data":[[["redfoc-jewelmatch"]],[["{\"c2array\":true,\"size\":[10,10,1],\"data\":[[[2],[0],[0],[0],[2],[0],[0],[0],[0],[0]],[[2],[0],[0],[0],[2],[0],[0],[0],[0],[0]],[[2],[0],[0],[0],[2],[0],[0],[0],[0],[0]],[[2],[2],[2],[2],[2],[2],[2],[2],[0],[0]],[[2],[0],[0],[0],[2],[0],[0],[0],[0],[0]],[[2],[0],[0],[0],[2],[0],[0],[0],[0],[0]],[[2],[0],[0],[0],[2],[0],[0],[0],[0],[0]],[[0],[0],[0],[0],[0],[0],[0],[0],[0],[0]],[[0],[0],[0],[0],[0],[0],[0],[0],[0],[0]],[[0],[0],[0],[0],[0],[0],[0],[0],[0],[0]]]}"]],[["{\"c2array\":true,\"size\":[10,4,1],\"data\":[[[0],[\"1\"],[\"3\"],[\"2\"]],[[\"39\"],[\"39\"],[\"38\"],[0]],[[\"27\"],[0],[0],[0]],[[\"3\"],[0],[0],[0]],[[0],[0],[0],[0]],[[0],[0],[0],[0]],[[0],[0],[0],[0]],[[0],[0],[0],[0]],[[0],[0],[0],[0]],[[0],[0],[0],[0]]]}"]],[[0]]]}