{"c2array":true,"size":[4,1,1],"data":[[["redfoc-jewelmatch"]],[["{\"c2array\":true,\"size\":[10,10,1],\"data\":[[[2],[0],[0],[0],[0],[0],[0],[2],[0],[0]],[[2],[0],[0],[0],[0],[0],[0],[2],[0],[0]],[[2],[0],[0],[0],[0],[0],[0],[2],[0],[0]],[[2],[0],[0],[0],[0],[0],[0],[2],[0],[0]],[[2],[0],[0],[0],[0],[0],[0],[2],[0],[0]],[[2],[0],[0],[0],[0],[0],[0],[2],[0],[0]],[[2],[0],[0],[0],[0],[0],[0],[2],[0],[0]],[[0],[0],[0],[0],[0],[0],[0],[0],[0],[0]],[[0],[0],[0],[0],[0],[0],[0],[0],[0],[0]],[[0],[0],[0],[0],[0],[0],[0],[0],[0],[0]]]}"]],[["{\"c2array\":true,\"size\":[10,4,1],\"data\":[[[0],[\"3\"],[\"2\"],[\"5\"]],[[\"31\"],[\"31\"],[\"35\"],[0]],[[\"30\"],[0],[0],[0]],[[\"6\"],[0],[0],[0]],[[0],[0],[0],[0]],[[0],[0],[0],[0]],[[0],[0],[0],[0]],[[0],[0],[0],[0]],[[0],[0],[0],[0]],[[0],[0],[0],[0]]]}"]],[[0]]]}