{"c2array":true,"size":[4,1,1],"data":[[["redfoc-jewelmatch"]],[["{\"c2array\":true,\"size\":[10,10,1],\"data\":[[[0],[0],[0],[0],[2],[2],[0],[0],[0],[0]],[[0],[2],[0],[0],[2],[2],[0],[0],[0],[0]],[[0],[2],[0],[0],[2],[2],[0],[0],[0],[0]],[[0],[2],[0],[0],[2],[2],[0],[0],[0],[0]],[[0],[2],[0],[0],[2],[2],[0],[0],[0],[0]],[[0],[2],[0],[0],[0],[0],[0],[0],[0],[0]],[[0],[2],[0],[0],[0],[0],[0],[0],[0],[0]],[[0],[0],[0],[0],[0],[0],[0],[0],[0],[0]],[[0],[0],[0],[0],[0],[0],[0],[0],[0],[0]],[[0],[0],[0],[0],[0],[0],[0],[0],[0],[0]]]}"]],[["{\"c2array\":true,\"size\":[10,4,1],\"data\":[[[0],[\"5\"],[\"3\"],[\"4\"]],[[\"21\"],[\"15\"],[\"16\"],[0]],[[\"24\"],[0],[0],[0]],[[\"5\"],[0],[0],[0]],[[0],[0],[0],[0]],[[0],[0],[0],[0]],[[0],[0],[0],[0]],[[0],[0],[0],[0]],[[0],[0],[0],[0]],[[0],[0],[0],[0]]]}"]],[[0]]]}